client,correct,entropy,uncertainty
Hospital_A (Brain-Tumor MRI),0,1.0565246,0.39973527
Hospital_A (Brain-Tumor MRI),1,0.36229247,0.07890499
Hospital_A (Brain-Tumor MRI),1,0.5065232,0.12252247
Hospital_A (Brain-Tumor MRI),1,1.0242257,0.49087697
Hospital_A (Brain-Tumor MRI),0,0.36538222,0.07990581
Hospital_A (Brain-Tumor MRI),0,1.0765487,0.42675108
Hospital_A (Brain-Tumor MRI),1,0.59762114,0.15945506
Hospital_A (Brain-Tumor MRI),1,0.3591402,0.07797682
Hospital_A (Brain-Tumor MRI),0,0.29390612,0.06045991
Hospital_A (Brain-Tumor MRI),1,0.45313033,0.1066376
Hospital_A (Brain-Tumor MRI),0,0.42636877,0.0974499
Hospital_A (Brain-Tumor MRI),0,0.4198743,0.09836978
Hospital_A (Brain-Tumor MRI),1,0.44737095,0.10391784
Hospital_A (Brain-Tumor MRI),1,0.5842834,0.15384781
Hospital_A (Brain-Tumor MRI),1,0.7587433,0.22591501
Hospital_A (Brain-Tumor MRI),1,1.089491,0.5551499
Hospital_A (Brain-Tumor MRI),0,0.74909985,0.22526675
Hospital_A (Brain-Tumor MRI),1,0.60531425,0.16316223
Hospital_A (Brain-Tumor MRI),0,0.6400717,0.17738253
Hospital_A (Brain-Tumor MRI),1,0.7515988,0.21525139
Hospital_A (Brain-Tumor MRI),1,0.60098445,0.1568672
Hospital_A (Brain-Tumor MRI),1,0.91726893,0.29648018
Hospital_A (Brain-Tumor MRI),1,0.40489027,0.09104842
Hospital_A (Brain-Tumor MRI),1,0.43910575,0.10167211
Hospital_A (Brain-Tumor MRI),0,0.8648204,0.2796787
Hospital_A (Brain-Tumor MRI),1,0.7162479,0.19849914
Hospital_A (Brain-Tumor MRI),0,1.1671203,0.5290901
Hospital_A (Brain-Tumor MRI),1,0.45890284,0.107539415
Hospital_A (Brain-Tumor MRI),1,0.4500842,0.10901123
Hospital_A (Brain-Tumor MRI),1,0.8086691,0.23751515
Hospital_A (Brain-Tumor MRI),0,0.5962175,0.1642384
Hospital_A (Brain-Tumor MRI),1,0.42535433,0.09714037
Hospital_A (Brain-Tumor MRI),1,0.80223167,0.23722523
Hospital_A (Brain-Tumor MRI),0,0.40290064,0.09104782
Hospital_A (Brain-Tumor MRI),1,0.4390478,0.10126996
Hospital_A (Brain-Tumor MRI),0,1.0643185,0.41504824
Hospital_A (Brain-Tumor MRI),1,0.6230135,0.16328597
Hospital_A (Brain-Tumor MRI),1,0.42163557,0.09614885
Hospital_A (Brain-Tumor MRI),0,0.7612479,0.24577999
Hospital_A (Brain-Tumor MRI),1,0.44688448,0.104661405
Hospital_A (Brain-Tumor MRI),1,0.6557168,0.18159556
Hospital_A (Brain-Tumor MRI),1,0.50588584,0.12376785
Hospital_A (Brain-Tumor MRI),1,0.7520886,0.21708363
Hospital_A (Brain-Tumor MRI),1,0.82717514,0.27532476
Hospital_A (Brain-Tumor MRI),1,0.95147336,0.333614
Hospital_A (Brain-Tumor MRI),0,0.9847264,0.47537673
Hospital_A (Brain-Tumor MRI),0,0.55776453,0.14210802
Hospital_A (Brain-Tumor MRI),1,0.48880845,0.11705983
Hospital_A (Brain-Tumor MRI),1,0.5205584,0.12717175
Hospital_A (Brain-Tumor MRI),0,0.80277854,0.26037937
Hospital_A (Brain-Tumor MRI),0,0.83592623,0.25576478
Hospital_A (Brain-Tumor MRI),1,0.43982437,0.10187429
Hospital_A (Brain-Tumor MRI),1,0.69671667,0.19604737
Hospital_A (Brain-Tumor MRI),1,0.8261447,0.25988442
Hospital_A (Brain-Tumor MRI),1,0.41812137,0.0950619
Hospital_A (Brain-Tumor MRI),1,0.42400575,0.09845519
Hospital_A (Brain-Tumor MRI),0,0.35780925,0.078421056
Hospital_A (Brain-Tumor MRI),0,1.1986809,0.48192286
Hospital_A (Brain-Tumor MRI),0,0.37311137,0.08224261
Hospital_A (Brain-Tumor MRI),1,0.42443812,0.09720665
Hospital_A (Brain-Tumor MRI),1,0.5064139,0.12554497
Hospital_A (Brain-Tumor MRI),1,0.951555,0.3666271
Hospital_A (Brain-Tumor MRI),1,0.46284813,0.10903257
Hospital_A (Brain-Tumor MRI),1,0.6622281,0.17862004
Hospital_A (Brain-Tumor MRI),1,1.0015361,0.53058827
Hospital_A (Brain-Tumor MRI),0,0.6154927,0.1603666
Hospital_A (Brain-Tumor MRI),0,0.52829576,0.1362549
Hospital_A (Brain-Tumor MRI),1,0.40828353,0.09250033
Hospital_A (Brain-Tumor MRI),0,0.39486325,0.08848661
Hospital_A (Brain-Tumor MRI),0,0.8903357,0.29248673
Hospital_A (Brain-Tumor MRI),1,0.4374284,0.10101801
Hospital_A (Brain-Tumor MRI),1,0.41408008,0.09376079
Hospital_A (Brain-Tumor MRI),1,0.46422425,0.10931027
Hospital_A (Brain-Tumor MRI),1,0.46174657,0.1095956
Hospital_A (Brain-Tumor MRI),1,1.1174659,0.41628128
Hospital_A (Brain-Tumor MRI),0,0.35384524,0.07658577
Hospital_A (Brain-Tumor MRI),1,0.46824908,0.11062771
Hospital_A (Brain-Tumor MRI),1,0.55315477,0.13924944
Hospital_A (Brain-Tumor MRI),1,0.4664058,0.10988742
Hospital_A (Brain-Tumor MRI),0,0.43378848,0.101228714
Hospital_A (Brain-Tumor MRI),0,0.39122695,0.087712705
Hospital_A (Brain-Tumor MRI),1,0.5103265,0.1288346
Hospital_A (Brain-Tumor MRI),1,0.4033895,0.09058726
Hospital_A (Brain-Tumor MRI),1,0.32843307,0.06945604
Hospital_A (Brain-Tumor MRI),1,0.99171394,0.5179316
Hospital_A (Brain-Tumor MRI),0,0.5988316,0.15459853
Hospital_A (Brain-Tumor MRI),1,0.5925081,0.15279287
Hospital_A (Brain-Tumor MRI),0,0.45335084,0.108077765
Hospital_A (Brain-Tumor MRI),1,0.4648609,0.109333694
Hospital_A (Brain-Tumor MRI),1,0.38823247,0.08622539
Hospital_A (Brain-Tumor MRI),1,0.7756475,0.23590434
Hospital_A (Brain-Tumor MRI),1,0.7488928,0.26903343
Hospital_A (Brain-Tumor MRI),1,0.5673652,0.14297384
Hospital_A (Brain-Tumor MRI),1,0.5210933,0.12799448
Hospital_A (Brain-Tumor MRI),1,0.79465103,0.23955852
Hospital_A (Brain-Tumor MRI),1,0.5293634,0.13029164
Hospital_A (Brain-Tumor MRI),1,0.35343608,0.07633436
Hospital_A (Brain-Tumor MRI),0,0.9796511,0.43765897
Hospital_A (Brain-Tumor MRI),1,0.540716,0.13498479
Hospital_A (Brain-Tumor MRI),0,0.64737296,0.1929828
Hospital_A (Brain-Tumor MRI),1,1.1368028,0.54610455
Hospital_A (Brain-Tumor MRI),1,0.4240853,0.096814096
Hospital_A (Brain-Tumor MRI),1,0.48398215,0.115989804
Hospital_A (Brain-Tumor MRI),1,0.392517,0.08878273
Hospital_A (Brain-Tumor MRI),1,0.34278893,0.07334709
Hospital_A (Brain-Tumor MRI),1,0.75461835,0.22912669
Hospital_A (Brain-Tumor MRI),1,0.37356687,0.08196002
Hospital_A (Brain-Tumor MRI),0,0.53539586,0.13757932
Hospital_A (Brain-Tumor MRI),1,0.46303797,0.109120965
Hospital_A (Brain-Tumor MRI),1,0.44768256,0.103933275
Hospital_A (Brain-Tumor MRI),0,0.96385646,0.343329
Hospital_A (Brain-Tumor MRI),1,0.46465588,0.11051792
Hospital_A (Brain-Tumor MRI),1,0.48872226,0.11745757
Hospital_A (Brain-Tumor MRI),1,0.8314059,0.28124046
Hospital_A (Brain-Tumor MRI),1,0.40863815,0.09228706
Hospital_A (Brain-Tumor MRI),0,0.4068845,0.09177959
Hospital_A (Brain-Tumor MRI),1,0.4507986,0.104866385
Hospital_A (Brain-Tumor MRI),0,0.9178064,0.4089501
Hospital_A (Brain-Tumor MRI),0,0.8927306,0.2904266
Hospital_A (Brain-Tumor MRI),1,0.47618046,0.11380464
Hospital_A (Brain-Tumor MRI),1,0.4150231,0.0940212
Hospital_A (Brain-Tumor MRI),1,0.517348,0.12741685
Hospital_A (Brain-Tumor MRI),1,0.99866587,0.33326983
Hospital_A (Brain-Tumor MRI),1,0.45572522,0.106517434
Hospital_A (Brain-Tumor MRI),1,0.5758838,0.14898932
Hospital_A (Brain-Tumor MRI),0,1.0885363,0.48797858
Hospital_A (Brain-Tumor MRI),0,0.8540955,0.26305354
Hospital_A (Brain-Tumor MRI),0,0.41789633,0.09614855
Hospital_A (Brain-Tumor MRI),1,0.8740276,0.29738146
Hospital_A (Brain-Tumor MRI),0,0.6699685,0.18554306
Hospital_A (Brain-Tumor MRI),1,0.45495725,0.106223166
Hospital_A (Brain-Tumor MRI),1,0.6141882,0.16025823
Hospital_A (Brain-Tumor MRI),0,0.76913714,0.23862761
Hospital_A (Brain-Tumor MRI),1,0.35226375,0.076046824
Hospital_A (Brain-Tumor MRI),1,0.6341469,0.16911179
Hospital_A (Brain-Tumor MRI),1,0.49040744,0.11758804
Hospital_A (Brain-Tumor MRI),1,0.73251176,0.21367991
Hospital_A (Brain-Tumor MRI),1,0.83136314,0.24880093
Hospital_A (Brain-Tumor MRI),1,0.53609,0.13255692
Hospital_A (Brain-Tumor MRI),1,0.87402546,0.2832864
Hospital_A (Brain-Tumor MRI),1,0.48429003,0.115478635
Hospital_A (Brain-Tumor MRI),1,0.7670138,0.22469395
Hospital_A (Brain-Tumor MRI),1,0.67141205,0.18322092
Hospital_A (Brain-Tumor MRI),0,0.38573575,0.08621001
Hospital_A (Brain-Tumor MRI),0,1.1610606,0.4617672
Hospital_A (Brain-Tumor MRI),0,1.0518636,0.43978882
Hospital_A (Brain-Tumor MRI),0,1.2945987,0.58188134
Hospital_A (Brain-Tumor MRI),1,0.9816301,0.38867593
Hospital_A (Brain-Tumor MRI),0,0.9319316,0.314336
Hospital_A (Brain-Tumor MRI),1,0.5411326,0.13428599
Hospital_A (Brain-Tumor MRI),1,0.46246105,0.10903233
Hospital_A (Brain-Tumor MRI),1,1.1801919,0.49319792
Hospital_A (Brain-Tumor MRI),1,0.51278037,0.12577552
Hospital_A (Brain-Tumor MRI),0,1.2376301,0.6425094
Hospital_A (Brain-Tumor MRI),0,0.5831367,0.15159297
Hospital_A (Brain-Tumor MRI),1,0.4540152,0.10602307
Hospital_A (Brain-Tumor MRI),1,0.4449652,0.10339445
Hospital_A (Brain-Tumor MRI),1,0.5043416,0.12189585
Hospital_A (Brain-Tumor MRI),1,1.039588,0.40139574
Hospital_A (Brain-Tumor MRI),1,0.48240358,0.115585506
Hospital_A (Brain-Tumor MRI),1,0.96297014,0.3246072
Hospital_A (Brain-Tumor MRI),0,0.48683065,0.11952168
Hospital_A (Brain-Tumor MRI),1,0.7886721,0.27937025
Hospital_A (Brain-Tumor MRI),1,0.8135772,0.28489196
Hospital_A (Brain-Tumor MRI),1,0.5742305,0.14791882
Hospital_A (Brain-Tumor MRI),1,0.61372304,0.15938479
Hospital_A (Brain-Tumor MRI),1,0.5243158,0.1285516
Hospital_A (Brain-Tumor MRI),1,0.6101395,0.1598441
Hospital_A (Brain-Tumor MRI),1,0.7532437,0.24531174
Hospital_A (Brain-Tumor MRI),0,0.722143,0.20183438
Hospital_A (Brain-Tumor MRI),1,0.69870925,0.20043969
Hospital_A (Brain-Tumor MRI),1,0.469618,0.11080766
Hospital_A (Brain-Tumor MRI),1,0.43591294,0.100598335
Hospital_A (Brain-Tumor MRI),1,0.48383164,0.11522043
Hospital_A (Brain-Tumor MRI),1,1.2118797,0.5624176
Hospital_A (Brain-Tumor MRI),1,0.75584215,0.25178814
Hospital_A (Brain-Tumor MRI),1,0.44609335,0.10344046
Hospital_A (Brain-Tumor MRI),0,0.8495956,0.32636833
Hospital_A (Brain-Tumor MRI),1,0.6238786,0.16429925
Hospital_A (Brain-Tumor MRI),1,0.53223574,0.13158911
Hospital_A (Brain-Tumor MRI),1,0.50692654,0.12279862
Hospital_A (Brain-Tumor MRI),1,0.97935283,0.35619432
Hospital_A (Brain-Tumor MRI),0,0.48666334,0.116556704
Hospital_A (Brain-Tumor MRI),0,0.63394475,0.18282193
Hospital_A (Brain-Tumor MRI),1,0.66761047,0.18062747
Hospital_A (Brain-Tumor MRI),1,0.8035438,0.24210143
Hospital_A (Brain-Tumor MRI),1,0.91684115,0.32824022
Hospital_A (Brain-Tumor MRI),1,0.653027,0.17494851
Hospital_A (Brain-Tumor MRI),0,0.88867813,0.35153067
Hospital_A (Brain-Tumor MRI),0,0.5702375,0.15390164
Hospital_A (Brain-Tumor MRI),1,0.42663598,0.09759253
Hospital_A (Brain-Tumor MRI),1,0.5417489,0.13424772
Hospital_A (Brain-Tumor MRI),0,1.1456205,0.45414692
Hospital_A (Brain-Tumor MRI),1,0.9978479,0.37035912
Hospital_A (Brain-Tumor MRI),1,0.40708828,0.091718435
Hospital_A (Brain-Tumor MRI),0,0.9158107,0.34119338
Hospital_A (Brain-Tumor MRI),1,0.7449847,0.21902359
Hospital_A (Brain-Tumor MRI),0,0.34941435,0.07609737
Hospital_A (Brain-Tumor MRI),1,1.273066,0.5360913
Hospital_A (Brain-Tumor MRI),1,0.51425374,0.12552905
Hospital_A (Brain-Tumor MRI),0,1.1037817,0.572435
Hospital_A (Brain-Tumor MRI),1,0.62207985,0.16374946
Hospital_A (Brain-Tumor MRI),1,0.63401055,0.16973788
Hospital_A (Brain-Tumor MRI),1,1.0913495,0.5422048
Hospital_A (Brain-Tumor MRI),0,0.5104995,0.12456691
Hospital_A (Brain-Tumor MRI),1,0.46464685,0.10959107
Hospital_A (Brain-Tumor MRI),1,0.6160366,0.1668843
Hospital_A (Brain-Tumor MRI),1,0.51283824,0.12497532
Hospital_A (Brain-Tumor MRI),0,1.1556586,0.5484507
Hospital_A (Brain-Tumor MRI),1,0.68575543,0.18816733
Hospital_A (Brain-Tumor MRI),1,0.48502582,0.11572009
Hospital_A (Brain-Tumor MRI),1,0.49112538,0.1176483
Hospital_A (Brain-Tumor MRI),1,0.60126054,0.16431886
Hospital_A (Brain-Tumor MRI),1,0.9474277,0.31651318
Hospital_A (Brain-Tumor MRI),1,0.37848774,0.08341473
Hospital_A (Brain-Tumor MRI),0,1.0355875,0.36222953
Hospital_A (Brain-Tumor MRI),1,0.39205587,0.087281525
Hospital_A (Brain-Tumor MRI),0,0.5409607,0.14044893
Hospital_A (Brain-Tumor MRI),0,1.0767405,0.4365313
Hospital_A (Brain-Tumor MRI),1,0.878758,0.2759183
Hospital_A (Brain-Tumor MRI),0,0.8534957,0.25967342
Hospital_A (Brain-Tumor MRI),1,0.49555886,0.11903179
Hospital_A (Brain-Tumor MRI),1,0.4691435,0.110820055
Hospital_A (Brain-Tumor MRI),0,0.7502275,0.2225166
Hospital_A (Brain-Tumor MRI),1,1.2017862,0.47938132
Hospital_A (Brain-Tumor MRI),1,0.44587463,0.10350579
Hospital_A (Brain-Tumor MRI),1,0.45922345,0.10750836
Hospital_A (Brain-Tumor MRI),0,0.43449295,0.101113975
Hospital_A (Brain-Tumor MRI),0,0.95206046,0.3846146
Hospital_A (Brain-Tumor MRI),1,0.4234033,0.09677571
Hospital_A (Brain-Tumor MRI),0,0.909727,0.33326656
Hospital_A (Brain-Tumor MRI),1,0.53722817,0.13301241
Hospital_A (Brain-Tumor MRI),0,0.505316,0.12441456
Hospital_A (Brain-Tumor MRI),1,0.73565733,0.23641461
Hospital_A (Brain-Tumor MRI),1,0.4106997,0.093015075
Hospital_A (Brain-Tumor MRI),0,0.46052992,0.10904068
Hospital_A (Brain-Tumor MRI),1,0.50216186,0.12291515
Hospital_A (Brain-Tumor MRI),1,0.5423616,0.13535625
Hospital_A (Brain-Tumor MRI),0,0.34546435,0.075041115
Hospital_A (Brain-Tumor MRI),1,0.7025422,0.20005792
Hospital_A (Brain-Tumor MRI),0,0.43973875,0.10181594
Hospital_A (Brain-Tumor MRI),0,0.36533406,0.08008993
Hospital_A (Brain-Tumor MRI),1,0.370654,0.081205726
Hospital_A (Brain-Tumor MRI),0,0.34947616,0.077423215
Hospital_A (Brain-Tumor MRI),1,0.4847647,0.11683059
Hospital_A (Brain-Tumor MRI),0,0.8983737,0.37822187
Hospital_A (Brain-Tumor MRI),1,0.47558612,0.11316806
Hospital_A (Brain-Tumor MRI),1,0.52140075,0.12882489
Hospital_A (Brain-Tumor MRI),1,0.67371833,0.18413097
Hospital_A (Brain-Tumor MRI),0,0.36747304,0.08055788
Hospital_A (Brain-Tumor MRI),1,0.4664384,0.11017436
Hospital_A (Brain-Tumor MRI),1,0.36456913,0.07943171
Hospital_A (Brain-Tumor MRI),1,0.382381,0.08451742
Hospital_A (Brain-Tumor MRI),1,0.41653278,0.094480515
Hospital_A (Brain-Tumor MRI),1,0.7032595,0.19548798
Hospital_A (Brain-Tumor MRI),1,0.6218527,0.1634466
Hospital_A (Brain-Tumor MRI),1,0.4319029,0.09928119
Hospital_A (Brain-Tumor MRI),0,0.46235,0.10936457
Hospital_A (Brain-Tumor MRI),1,0.82699406,0.25499332
Hospital_A (Brain-Tumor MRI),1,0.4168175,0.09464353
Hospital_A (Brain-Tumor MRI),1,0.52755994,0.1295479
Hospital_A (Brain-Tumor MRI),1,0.5932304,0.152094
Hospital_A (Brain-Tumor MRI),0,0.6362306,0.18065369
Hospital_A (Brain-Tumor MRI),0,0.56621987,0.14319897
Hospital_A (Brain-Tumor MRI),1,0.6386782,0.18449783
Hospital_A (Brain-Tumor MRI),0,1.2156286,0.53944445
Hospital_A (Brain-Tumor MRI),1,0.48471937,0.11595625
Hospital_A (Brain-Tumor MRI),1,0.68298733,0.19286424
Hospital_A (Brain-Tumor MRI),1,1.059718,0.44722646
Hospital_A (Brain-Tumor MRI),0,0.32925916,0.06995928
Hospital_A (Brain-Tumor MRI),1,0.3843123,0.08554685
Hospital_A (Brain-Tumor MRI),1,0.4826481,0.1167773
Hospital_A (Brain-Tumor MRI),0,1.2521831,0.5564237
Hospital_A (Brain-Tumor MRI),1,0.55551577,0.13980538
Hospital_A (Brain-Tumor MRI),1,0.42334074,0.09653294
Hospital_A (Brain-Tumor MRI),1,0.4594474,0.10768521
Hospital_A (Brain-Tumor MRI),1,0.47575343,0.11268461
Hospital_A (Brain-Tumor MRI),1,0.92425686,0.2959879
Hospital_A (Brain-Tumor MRI),1,0.48300835,0.115749
Hospital_A (Brain-Tumor MRI),0,0.8429716,0.30944735
Hospital_A (Brain-Tumor MRI),0,0.49659503,0.12065405
Hospital_A (Brain-Tumor MRI),1,0.5693766,0.14484441
Hospital_A (Brain-Tumor MRI),1,0.8819763,0.3400151
Hospital_A (Brain-Tumor MRI),1,0.51807415,0.1274212
Hospital_A (Brain-Tumor MRI),1,0.7945591,0.2353527
Hospital_A (Brain-Tumor MRI),1,0.5919959,0.15458924
Hospital_A (Brain-Tumor MRI),1,0.39835045,0.089203894
Hospital_A (Brain-Tumor MRI),0,0.43054318,0.10149479
Hospital_A (Brain-Tumor MRI),1,0.6408014,0.1747551
Hospital_A (Brain-Tumor MRI),1,0.97281826,0.33723247
Hospital_A (Brain-Tumor MRI),0,1.1518794,0.5004555
Hospital_A (Brain-Tumor MRI),1,0.5178506,0.12630868
Hospital_A (Brain-Tumor MRI),1,0.7611892,0.2187109
Hospital_A (Brain-Tumor MRI),0,0.44167602,0.102258086
Hospital_A (Brain-Tumor MRI),1,0.6433148,0.17134517
Hospital_A (Brain-Tumor MRI),0,0.6530051,0.1767391
Hospital_A (Brain-Tumor MRI),1,0.8018389,0.24496132
Hospital_A (Brain-Tumor MRI),1,0.9221151,0.29160768
Hospital_A (Brain-Tumor MRI),1,0.55853295,0.14022803
Hospital_A (Brain-Tumor MRI),0,0.93529314,0.37997127
Hospital_A (Brain-Tumor MRI),1,0.9407768,0.3042826
Hospital_A (Brain-Tumor MRI),1,0.5242986,0.12844825
Hospital_A (Brain-Tumor MRI),1,0.6023761,0.15622675
Hospital_A (Brain-Tumor MRI),0,0.363258,0.08002794
Hospital_A (Brain-Tumor MRI),0,1.2518713,0.53160304
Hospital_A (Brain-Tumor MRI),1,0.46752977,0.1104247
Hospital_A (Brain-Tumor MRI),1,0.999227,0.33720696
Hospital_A (Brain-Tumor MRI),0,0.7054173,0.19987762
Hospital_A (Brain-Tumor MRI),0,1.1058462,0.46437317
Hospital_A (Brain-Tumor MRI),1,0.9933528,0.34051841
Hospital_A (Brain-Tumor MRI),1,1.0211918,0.42068303
Hospital_A (Brain-Tumor MRI),1,0.5044985,0.12217015
Hospital_A (Brain-Tumor MRI),1,0.5542976,0.1403268
Hospital_A (Brain-Tumor MRI),1,1.1765093,0.5716724
Hospital_A (Brain-Tumor MRI),1,1.0153193,0.3599555
Hospital_A (Brain-Tumor MRI),1,0.67170715,0.1837222
Hospital_A (Brain-Tumor MRI),1,0.63203305,0.16713679
Hospital_A (Brain-Tumor MRI),1,0.48564637,0.11609894
Hospital_A (Brain-Tumor MRI),1,0.69413906,0.19854754
Hospital_A (Brain-Tumor MRI),1,0.5812399,0.14839041
Hospital_B (Breast Ultrasound),1,0.33536345,0.085549355
Hospital_B (Breast Ultrasound),1,0.27891272,0.0634076
Hospital_B (Breast Ultrasound),1,0.27742705,0.06428617
Hospital_B (Breast Ultrasound),0,0.17305368,0.03432387
Hospital_B (Breast Ultrasound),1,0.3424705,0.08529264
Hospital_B (Breast Ultrasound),1,0.1878063,0.038271844
Hospital_B (Breast Ultrasound),0,0.2468969,0.05742836
Hospital_B (Breast Ultrasound),0,0.77826333,0.40925384
Hospital_B (Breast Ultrasound),0,0.81024855,0.4604556
Hospital_B (Breast Ultrasound),1,0.31835017,0.07801384
Hospital_B (Breast Ultrasound),1,0.341355,0.08683103
Hospital_B (Breast Ultrasound),1,0.44949955,0.11982155
Hospital_B (Breast Ultrasound),1,0.18760762,0.038617194
Hospital_B (Breast Ultrasound),1,0.34644186,0.08468944
Hospital_B (Breast Ultrasound),1,0.15963805,0.030996978
Hospital_B (Breast Ultrasound),1,0.46402717,0.12971938
Hospital_B (Breast Ultrasound),1,0.24585807,0.053684592
Hospital_B (Breast Ultrasound),1,0.32699797,0.07778019
Hospital_B (Breast Ultrasound),0,0.88510394,0.385289
Hospital_B (Breast Ultrasound),1,0.45891407,0.13228023
Hospital_B (Breast Ultrasound),1,0.29694694,0.07323563
Hospital_B (Breast Ultrasound),0,0.8073732,0.2981087
Hospital_B (Breast Ultrasound),1,0.19450606,0.03987211
Hospital_B (Breast Ultrasound),1,0.19848785,0.041191638
Hospital_B (Breast Ultrasound),1,0.28375316,0.064968765
Hospital_B (Breast Ultrasound),0,0.919477,0.46813035
Hospital_B (Breast Ultrasound),1,0.22710985,0.04834652
Hospital_B (Breast Ultrasound),1,0.16428687,0.0321247
Hospital_B (Breast Ultrasound),1,0.76271576,0.33864796
Hospital_B (Breast Ultrasound),1,0.746848,0.25892282
Hospital_B (Breast Ultrasound),1,0.80415577,0.45717788
Hospital_B (Breast Ultrasound),1,0.76868314,0.43375564
Hospital_B (Breast Ultrasound),1,0.33673036,0.081107914
Hospital_B (Breast Ultrasound),1,0.5038354,0.14827144
Hospital_B (Breast Ultrasound),1,0.68213594,0.23153478
Hospital_B (Breast Ultrasound),1,0.32293206,0.07671952
Hospital_B (Breast Ultrasound),0,0.23246911,0.049843848
Hospital_B (Breast Ultrasound),1,0.3343578,0.080055
Hospital_B (Breast Ultrasound),0,0.5963547,0.2197538
Hospital_B (Breast Ultrasound),0,1.0092747,0.50342035
Hospital_B (Breast Ultrasound),1,0.31274277,0.07399601
Hospital_B (Breast Ultrasound),1,0.29205352,0.06696838
Hospital_B (Breast Ultrasound),1,0.289734,0.06692964
Hospital_B (Breast Ultrasound),1,0.29288027,0.06766105
Hospital_B (Breast Ultrasound),0,0.25890633,0.060163796
Hospital_B (Breast Ultrasound),1,0.30414405,0.07080138
Hospital_B (Breast Ultrasound),1,0.25682223,0.0566532
Hospital_B (Breast Ultrasound),1,0.8750422,0.45778465
Hospital_B (Breast Ultrasound),1,0.2565449,0.056722403
Hospital_B (Breast Ultrasound),1,0.44800246,0.13136607
Hospital_B (Breast Ultrasound),1,0.75327563,0.37006295
Hospital_B (Breast Ultrasound),1,0.6978434,0.273763
Hospital_B (Breast Ultrasound),1,0.24051169,0.052161932
Hospital_B (Breast Ultrasound),1,0.3999349,0.10558593
Hospital_B (Breast Ultrasound),1,0.22255051,0.047603726
Hospital_B (Breast Ultrasound),1,0.4030636,0.10308659
Hospital_B (Breast Ultrasound),1,0.7457994,0.2558549
Hospital_B (Breast Ultrasound),1,0.21767253,0.0458799
Hospital_B (Breast Ultrasound),0,0.65957475,0.23645782
Hospital_B (Breast Ultrasound),1,0.50498575,0.15389574
Hospital_B (Breast Ultrasound),1,0.9684582,0.4320538
Hospital_B (Breast Ultrasound),1,1.0174625,0.5682108
Hospital_B (Breast Ultrasound),1,0.329224,0.078591704
Hospital_B (Breast Ultrasound),1,0.35202518,0.086196125
Hospital_B (Breast Ultrasound),1,0.748644,0.35817105
Hospital_B (Breast Ultrasound),1,0.37143052,0.092176676
Hospital_B (Breast Ultrasound),1,0.38240057,0.09667653
Hospital_B (Breast Ultrasound),1,0.63750714,0.2159856
Hospital_B (Breast Ultrasound),1,0.27807838,0.063619256
Hospital_B (Breast Ultrasound),0,0.9436728,0.395867
Hospital_B (Breast Ultrasound),1,0.23756668,0.051380813
Hospital_B (Breast Ultrasound),1,0.40615124,0.104733825
Hospital_B (Breast Ultrasound),1,0.5483773,0.16366833
Hospital_B (Breast Ultrasound),1,0.25255966,0.055411756
Hospital_B (Breast Ultrasound),1,0.3950125,0.104281425
Hospital_B (Breast Ultrasound),1,0.31485772,0.073940516
Hospital_B (Breast Ultrasound),1,0.32305396,0.076491475
Hospital_B (Breast Ultrasound),0,0.79809415,0.4909565
Hospital_B (Breast Ultrasound),1,0.63441634,0.22639674
Hospital_B (Breast Ultrasound),1,0.23369738,0.050160766
Hospital_B (Breast Ultrasound),1,0.19133714,0.039040565
Hospital_B (Breast Ultrasound),1,0.3841998,0.09649819
Hospital_B (Breast Ultrasound),1,0.32513428,0.07740247
Hospital_B (Breast Ultrasound),1,0.31142056,0.07284367
Hospital_B (Breast Ultrasound),1,0.8378161,0.5014839
Hospital_B (Breast Ultrasound),0,0.7056825,0.29469687
Hospital_B (Breast Ultrasound),1,0.31300923,0.07333869
Hospital_B (Breast Ultrasound),0,0.91913944,0.48501343
Hospital_B (Breast Ultrasound),1,0.55898964,0.16757089
Hospital_B (Breast Ultrasound),1,0.33542725,0.08350605
Hospital_B (Breast Ultrasound),1,0.29008925,0.06640792
Hospital_B (Breast Ultrasound),0,0.39561817,0.102179825
Hospital_B (Breast Ultrasound),1,0.24898955,0.054474413
Hospital_B (Breast Ultrasound),1,0.31730855,0.07577211
Hospital_B (Breast Ultrasound),1,0.32376248,0.07706183
Hospital_B (Breast Ultrasound),1,0.73144084,0.307795
Hospital_B (Breast Ultrasound),1,0.25279325,0.056783974
Hospital_B (Breast Ultrasound),0,0.7846019,0.3084337
Hospital_B (Breast Ultrasound),0,0.9166674,0.42939937
Hospital_B (Breast Ultrasound),1,0.44022518,0.11680251
Hospital_B (Breast Ultrasound),0,0.811576,0.40455526
Hospital_B (Breast Ultrasound),1,0.29073703,0.06664848
Hospital_B (Breast Ultrasound),1,0.25331768,0.055663764
Hospital_B (Breast Ultrasound),1,0.3176813,0.07479298
Hospital_B (Breast Ultrasound),1,0.28111145,0.06382936
Hospital_B (Breast Ultrasound),1,0.21847162,0.046266317
Hospital_B (Breast Ultrasound),1,0.24423783,0.05326563
Hospital_B (Breast Ultrasound),1,0.7131493,0.29065168
Hospital_B (Breast Ultrasound),1,0.59211,0.17848068
Hospital_B (Breast Ultrasound),1,0.2972325,0.06864256
Hospital_B (Breast Ultrasound),1,0.36299512,0.089835465
Hospital_B (Breast Ultrasound),1,1.0024865,0.5482864
Hospital_B (Breast Ultrasound),1,0.27807558,0.06285113
Hospital_B (Breast Ultrasound),1,0.78947735,0.4604755
Hospital_B (Breast Ultrasound),0,0.90462315,0.47086895
Hospital_B (Breast Ultrasound),0,0.45462435,0.12644869
Hospital_B (Breast Ultrasound),1,0.26780197,0.05991751
Hospital_C (COVID-19 X-Ray),1,0.3407885,0.07291585
Hospital_C (COVID-19 X-Ray),1,0.29258627,0.05992347
Hospital_C (COVID-19 X-Ray),1,0.32173616,0.06765199
Hospital_C (COVID-19 X-Ray),1,0.79669565,0.24200314
Hospital_C (COVID-19 X-Ray),1,0.30145007,0.06225401
Hospital_C (COVID-19 X-Ray),1,0.32573593,0.06896323
Hospital_C (COVID-19 X-Ray),1,0.780113,0.24904156
Hospital_C (COVID-19 X-Ray),1,0.2817958,0.05726242
Hospital_C (COVID-19 X-Ray),1,0.2756474,0.056127906
Hospital_C (COVID-19 X-Ray),0,0.79613024,0.31757927
Hospital_C (COVID-19 X-Ray),1,0.33126795,0.07044196
Hospital_C (COVID-19 X-Ray),1,0.23299646,0.04507941
Hospital_C (COVID-19 X-Ray),1,0.29816464,0.061398566
Hospital_C (COVID-19 X-Ray),1,0.32131943,0.06752932
Hospital_C (COVID-19 X-Ray),0,0.7436788,0.24781817
Hospital_C (COVID-19 X-Ray),0,0.2885545,0.05903095
Hospital_C (COVID-19 X-Ray),1,0.3417566,0.07327348
Hospital_C (COVID-19 X-Ray),1,0.23029089,0.04441887
Hospital_C (COVID-19 X-Ray),1,0.9445327,0.48776734
Hospital_C (COVID-19 X-Ray),1,0.33922493,0.07245356
Hospital_C (COVID-19 X-Ray),1,0.3232352,0.06889522
Hospital_C (COVID-19 X-Ray),1,0.22065121,0.042168856
Hospital_C (COVID-19 X-Ray),1,0.28741708,0.058615744
Hospital_C (COVID-19 X-Ray),1,0.3141524,0.06578851
Hospital_C (COVID-19 X-Ray),1,0.31619522,0.06620258
Hospital_C (COVID-19 X-Ray),1,0.29211432,0.059851408
Hospital_C (COVID-19 X-Ray),1,0.5546305,0.14890021
Hospital_C (COVID-19 X-Ray),1,0.29570857,0.06093186
Hospital_C (COVID-19 X-Ray),1,0.3553364,0.07694805
Hospital_C (COVID-19 X-Ray),1,0.30673265,0.063648045
Hospital_C (COVID-19 X-Ray),1,0.32351676,0.068131626
Hospital_C (COVID-19 X-Ray),1,0.29564008,0.06091106
Hospital_C (COVID-19 X-Ray),1,0.33267742,0.070744514
Hospital_C (COVID-19 X-Ray),1,0.3301584,0.070545614
Hospital_C (COVID-19 X-Ray),1,0.3095521,0.06471127
Hospital_C (COVID-19 X-Ray),1,0.34395137,0.073726
Hospital_C (COVID-19 X-Ray),1,0.32472342,0.06877506
Hospital_C (COVID-19 X-Ray),1,0.29118213,0.059618235
Hospital_C (COVID-19 X-Ray),1,0.31381416,0.065953195
Hospital_C (COVID-19 X-Ray),1,0.33084217,0.07015377
Hospital_C (COVID-19 X-Ray),1,0.3074189,0.063837826
Hospital_C (COVID-19 X-Ray),1,0.26511905,0.05294454
Hospital_C (COVID-19 X-Ray),1,0.2561964,0.05069387
Hospital_C (COVID-19 X-Ray),1,0.3063901,0.063631475
Hospital_C (COVID-19 X-Ray),1,0.33839634,0.072182536
Hospital_C (COVID-19 X-Ray),1,0.2849446,0.057979047
Hospital_C (COVID-19 X-Ray),1,0.35180733,0.07600236
Hospital_C (COVID-19 X-Ray),1,0.3174979,0.066504836
Hospital_C (COVID-19 X-Ray),1,0.32620573,0.06886077
Hospital_C (COVID-19 X-Ray),1,0.29521742,0.06063533
Hospital_C (COVID-19 X-Ray),1,0.29006708,0.059435546
Hospital_C (COVID-19 X-Ray),0,0.3790413,0.08406395
Hospital_C (COVID-19 X-Ray),1,0.25380033,0.050094366
Hospital_C (COVID-19 X-Ray),1,0.3268677,0.06928772
Hospital_C (COVID-19 X-Ray),1,0.32982385,0.06993294
Hospital_C (COVID-19 X-Ray),1,0.31702638,0.06636202
Hospital_C (COVID-19 X-Ray),1,0.26858276,0.053792417
Hospital_C (COVID-19 X-Ray),1,0.27547324,0.05553639
Hospital_C (COVID-19 X-Ray),1,0.61917096,0.19307363
Hospital_C (COVID-19 X-Ray),1,0.29709226,0.061161935
Hospital_C (COVID-19 X-Ray),1,0.7140197,0.22187436
Hospital_C (COVID-19 X-Ray),1,0.31562367,0.066026926
Hospital_C (COVID-19 X-Ray),1,0.34820098,0.07508606
Hospital_C (COVID-19 X-Ray),1,0.27619812,0.055729926
Hospital_C (COVID-19 X-Ray),1,0.34516114,0.07403487
Hospital_C (COVID-19 X-Ray),1,0.34121603,0.07293606
Hospital_C (COVID-19 X-Ray),1,0.34421372,0.07379496
Hospital_C (COVID-19 X-Ray),1,0.69391644,0.22549272
Hospital_C (COVID-19 X-Ray),1,0.33019677,0.070042014
Hospital_C (COVID-19 X-Ray),1,0.30436942,0.06302273
Hospital_C (COVID-19 X-Ray),1,0.31049305,0.06475222
Hospital_C (COVID-19 X-Ray),1,0.35681027,0.07922107
Hospital_C (COVID-19 X-Ray),1,0.67542887,0.20516968
Hospital_C (COVID-19 X-Ray),1,0.30949864,0.064421594
Hospital_C (COVID-19 X-Ray),1,0.33154303,0.070384085
Hospital_C (COVID-19 X-Ray),1,0.33841482,0.07224083
Hospital_C (COVID-19 X-Ray),1,0.3323416,0.07066369
Hospital_C (COVID-19 X-Ray),1,0.30777502,0.06392568
Hospital_C (COVID-19 X-Ray),1,0.31707367,0.06637496
Hospital_C (COVID-19 X-Ray),1,0.3317072,0.070350885
Hospital_C (COVID-19 X-Ray),1,0.29699734,0.061391413
Hospital_C (COVID-19 X-Ray),1,0.25147122,0.049553573
Hospital_C (COVID-19 X-Ray),1,0.23466301,0.0454188
Hospital_C (COVID-19 X-Ray),1,0.2996056,0.06182033
Hospital_C (COVID-19 X-Ray),1,0.4684148,0.11981392
Hospital_C (COVID-19 X-Ray),1,0.3622274,0.07900971
Hospital_C (COVID-19 X-Ray),1,0.41791013,0.104307175
Hospital_C (COVID-19 X-Ray),1,0.3059478,0.06354755
Hospital_C (COVID-19 X-Ray),1,0.344963,0.073988855
Hospital_C (COVID-19 X-Ray),1,0.32346362,0.068299234
Hospital_C (COVID-19 X-Ray),1,0.29048836,0.059829354
Hospital_C (COVID-19 X-Ray),1,0.33475342,0.071356595
Hospital_C (COVID-19 X-Ray),1,0.32762942,0.06945485
Hospital_C (COVID-19 X-Ray),1,0.34935814,0.075960696
Hospital_C (COVID-19 X-Ray),1,0.35567626,0.07715136
Hospital_C (COVID-19 X-Ray),1,0.30932638,0.06435192
Hospital_C (COVID-19 X-Ray),1,0.26855332,0.053858817
Hospital_C (COVID-19 X-Ray),1,0.2968177,0.061198354
Hospital_C (COVID-19 X-Ray),1,0.29407048,0.06065941
Hospital_C (COVID-19 X-Ray),1,0.32974312,0.06983322
Hospital_C (COVID-19 X-Ray),1,0.31213078,0.065262735
Hospital_C (COVID-19 X-Ray),1,0.34529716,0.07406527
Hospital_C (COVID-19 X-Ray),1,0.35679162,0.07753587
Hospital_C (COVID-19 X-Ray),1,0.36671388,0.08013308
Hospital_C (COVID-19 X-Ray),1,0.33014393,0.06993365
Hospital_C (COVID-19 X-Ray),1,0.3190152,0.06772441
Hospital_C (COVID-19 X-Ray),1,0.35072097,0.075772226
Hospital_C (COVID-19 X-Ray),1,0.31947613,0.067356884
Hospital_C (COVID-19 X-Ray),1,0.34214824,0.073182166
Hospital_C (COVID-19 X-Ray),1,0.2895837,0.05930966
Hospital_C (COVID-19 X-Ray),0,0.82575244,0.337229
Hospital_C (COVID-19 X-Ray),1,0.33132863,0.07026547
Hospital_C (COVID-19 X-Ray),1,0.23417869,0.04529673
Hospital_C (COVID-19 X-Ray),0,0.91269934,0.43264806
Hospital_C (COVID-19 X-Ray),1,0.3185223,0.06706059
Hospital_C (COVID-19 X-Ray),1,0.32634664,0.0688656
Hospital_C (COVID-19 X-Ray),1,0.96482724,0.49279016
Hospital_C (COVID-19 X-Ray),0,0.41656983,0.10165429
Hospital_C (COVID-19 X-Ray),1,0.27692294,0.056717336
Hospital_C (COVID-19 X-Ray),1,0.3266934,0.06916803
Hospital_C (COVID-19 X-Ray),1,0.29275823,0.060445547
Hospital_C (COVID-19 X-Ray),1,0.3402525,0.0727697
Hospital_C (COVID-19 X-Ray),1,0.348397,0.07493436
Hospital_C (COVID-19 X-Ray),1,0.28268492,0.057898343
Hospital_C (COVID-19 X-Ray),1,0.30424282,0.06310022
Hospital_C (COVID-19 X-Ray),0,0.61272067,0.17305261
Hospital_C (COVID-19 X-Ray),1,0.29829794,0.061673284
Hospital_C (COVID-19 X-Ray),1,0.42509598,0.09727031
Hospital_C (COVID-19 X-Ray),1,0.28631395,0.058426082
Hospital_C (COVID-19 X-Ray),1,0.50015146,0.12326527
Hospital_C (COVID-19 X-Ray),1,0.309335,0.06450206
Hospital_C (COVID-19 X-Ray),1,0.2961339,0.060903013
Hospital_C (COVID-19 X-Ray),1,0.29852366,0.06147009
Hospital_C (COVID-19 X-Ray),1,0.30229327,0.0625546
Hospital_C (COVID-19 X-Ray),1,0.28411922,0.057807803
Hospital_C (COVID-19 X-Ray),1,0.32197386,0.06782597
Hospital_C (COVID-19 X-Ray),1,0.31972736,0.06728107
Hospital_C (COVID-19 X-Ray),1,0.34537178,0.07407749
Hospital_C (COVID-19 X-Ray),1,0.8950187,0.45008934
Hospital_C (COVID-19 X-Ray),1,0.3025062,0.06261659
Hospital_C (COVID-19 X-Ray),1,0.32353976,0.068113565
Hospital_C (COVID-19 X-Ray),1,0.28573456,0.058270633
Hospital_C (COVID-19 X-Ray),1,0.30589816,0.06347811
Hospital_C (COVID-19 X-Ray),1,0.32036236,0.06766105
Hospital_C (COVID-19 X-Ray),1,0.29500908,0.060749948
Hospital_C (COVID-19 X-Ray),1,0.33114636,0.07018292
Hospital_C (COVID-19 X-Ray),1,0.9168576,0.35357273
Hospital_C (COVID-19 X-Ray),1,0.5135422,0.129628
Hospital_C (COVID-19 X-Ray),0,0.4842424,0.11886561
Hospital_C (COVID-19 X-Ray),1,0.31312907,0.06552476
Hospital_C (COVID-19 X-Ray),1,0.3484636,0.075160444
Hospital_C (COVID-19 X-Ray),1,0.30121744,0.062457144
Hospital_C (COVID-19 X-Ray),1,0.33264115,0.070693076
Hospital_C (COVID-19 X-Ray),1,0.3127013,0.06522453
Hospital_C (COVID-19 X-Ray),1,0.3181548,0.06748992
Hospital_C (COVID-19 X-Ray),1,0.3907339,0.08742005
Hospital_C (COVID-19 X-Ray),1,0.3296593,0.06981546
Hospital_C (COVID-19 X-Ray),1,0.34999424,0.07556218
Hospital_C (COVID-19 X-Ray),1,0.8639988,0.33975625
Hospital_C (COVID-19 X-Ray),1,0.3024612,0.06280339
Hospital_C (COVID-19 X-Ray),1,0.2990234,0.06166333
Hospital_C (COVID-19 X-Ray),1,0.30379206,0.06294596
Hospital_C (COVID-19 X-Ray),1,0.33263823,0.070789695
Hospital_C (COVID-19 X-Ray),1,0.24406964,0.047743022
Hospital_C (COVID-19 X-Ray),1,0.33961117,0.072505295
Hospital_C (COVID-19 X-Ray),1,0.26478606,0.052895725
Hospital_C (COVID-19 X-Ray),1,0.34883213,0.07518035
Hospital_C (COVID-19 X-Ray),1,0.32213742,0.06779826
Hospital_C (COVID-19 X-Ray),1,0.3989773,0.091160774
Hospital_C (COVID-19 X-Ray),1,0.29086202,0.059499383
Hospital_C (COVID-19 X-Ray),1,0.32255128,0.06786114
Hospital_C (COVID-19 X-Ray),1,0.31163764,0.06523818
Hospital_C (COVID-19 X-Ray),1,0.36466843,0.0796774
Hospital_C (COVID-19 X-Ray),0,0.3136592,0.06576717
Hospital_C (COVID-19 X-Ray),1,0.24924636,0.048979104
Hospital_C (COVID-19 X-Ray),1,0.3085747,0.06420708
Hospital_C (COVID-19 X-Ray),1,0.24066064,0.04710591
Hospital_C (COVID-19 X-Ray),1,0.28929064,0.059069753
Hospital_C (COVID-19 X-Ray),1,0.3452529,0.074050546
Hospital_C (COVID-19 X-Ray),1,0.30080825,0.062075436
Hospital_C (COVID-19 X-Ray),1,0.37598535,0.082766235
Hospital_C (COVID-19 X-Ray),1,0.43409717,0.10145402
Hospital_C (COVID-19 X-Ray),1,0.32820976,0.06948727
Hospital_C (COVID-19 X-Ray),1,0.37290764,0.08195484
Hospital_C (COVID-19 X-Ray),1,0.30441356,0.06327176
Hospital_C (COVID-19 X-Ray),1,0.36198017,0.07878947
Hospital_C (COVID-19 X-Ray),0,0.76164126,0.29996192
Hospital_C (COVID-19 X-Ray),1,0.5277297,0.13868636
Hospital_C (COVID-19 X-Ray),1,0.35733807,0.07822293
Hospital_C (COVID-19 X-Ray),1,0.40527177,0.09547347
Hospital_C (COVID-19 X-Ray),1,0.30358928,0.06289762
Hospital_C (COVID-19 X-Ray),0,0.96046096,0.490534
Hospital_C (COVID-19 X-Ray),1,0.29843044,0.061539948
Hospital_C (COVID-19 X-Ray),1,0.40175766,0.090344846
Hospital_C (COVID-19 X-Ray),1,0.3790902,0.08360225
Hospital_C (COVID-19 X-Ray),1,0.2975557,0.0613392
Hospital_C (COVID-19 X-Ray),1,0.32755977,0.06932551
Hospital_C (COVID-19 X-Ray),1,0.41224313,0.09407693
Hospital_C (COVID-19 X-Ray),1,0.31746835,0.06675565
Hospital_C (COVID-19 X-Ray),1,0.35938892,0.07821107
Hospital_C (COVID-19 X-Ray),1,0.33327785,0.07076669
Hospital_C (COVID-19 X-Ray),1,0.26075655,0.05204761
Hospital_C (COVID-19 X-Ray),0,0.7461698,0.2831872
Hospital_C (COVID-19 X-Ray),1,0.33499545,0.0712232
Hospital_C (COVID-19 X-Ray),1,0.33085334,0.07011932
Hospital_C (COVID-19 X-Ray),1,0.3256477,0.06868428
Hospital_C (COVID-19 X-Ray),1,0.39738882,0.08903706
Hospital_C (COVID-19 X-Ray),1,0.30919173,0.06430572
Hospital_C (COVID-19 X-Ray),1,0.3673252,0.08019662
Hospital_C (COVID-19 X-Ray),0,0.75765765,0.2902884
Hospital_C (COVID-19 X-Ray),1,0.3596198,0.07999474
Hospital_C (COVID-19 X-Ray),1,0.2712376,0.05450946
Hospital_C (COVID-19 X-Ray),1,0.33255243,0.07059634
Hospital_C (COVID-19 X-Ray),1,0.32126796,0.06763458
Hospital_C (COVID-19 X-Ray),1,0.43260902,0.10197681
Hospital_C (COVID-19 X-Ray),1,0.3243087,0.06834376
Hospital_C (COVID-19 X-Ray),1,0.37544328,0.08262259
Hospital_C (COVID-19 X-Ray),1,0.31624156,0.06630844
Hospital_C (COVID-19 X-Ray),1,0.33489054,0.07123321
Hospital_C (COVID-19 X-Ray),1,0.35359532,0.07645172
Hospital_C (COVID-19 X-Ray),1,0.3681003,0.080566406
Hospital_C (COVID-19 X-Ray),1,0.32958287,0.07143718
Hospital_C (COVID-19 X-Ray),1,0.3273644,0.06933522
Hospital_C (COVID-19 X-Ray),1,0.3734833,0.08198804
Hospital_C (COVID-19 X-Ray),1,0.29183713,0.059991837
Hospital_C (COVID-19 X-Ray),0,0.8180007,0.34106052
Hospital_C (COVID-19 X-Ray),1,0.35990483,0.078252554
Hospital_C (COVID-19 X-Ray),1,0.34072652,0.073141456
Hospital_C (COVID-19 X-Ray),1,0.35844186,0.077710986
Hospital_C (COVID-19 X-Ray),1,0.30008772,0.061900914
Hospital_C (COVID-19 X-Ray),1,0.31631786,0.06619686
Hospital_C (COVID-19 X-Ray),1,0.29854956,0.06167245
Hospital_C (COVID-19 X-Ray),0,0.88717943,0.37487698
Hospital_C (COVID-19 X-Ray),0,0.67362505,0.22300494
Hospital_C (COVID-19 X-Ray),1,0.38944563,0.089370966
Hospital_C (COVID-19 X-Ray),1,0.34929484,0.07515973
Hospital_C (COVID-19 X-Ray),1,0.40283054,0.09045446
Hospital_C (COVID-19 X-Ray),1,0.40492004,0.09116042
Hospital_C (COVID-19 X-Ray),1,0.33910984,0.07246411
Hospital_C (COVID-19 X-Ray),1,0.33309257,0.070708394
Hospital_C (COVID-19 X-Ray),1,0.3086049,0.06427419
Hospital_C (COVID-19 X-Ray),1,0.3927459,0.08785695
Hospital_C (COVID-19 X-Ray),1,0.26182252,0.052092373
Hospital_C (COVID-19 X-Ray),1,0.35064757,0.07553989
Hospital_C (COVID-19 X-Ray),1,0.2689706,0.053923666
Hospital_C (COVID-19 X-Ray),1,0.34277245,0.07334447
Hospital_C (COVID-19 X-Ray),1,0.3175695,0.066610456
Hospital_C (COVID-19 X-Ray),1,0.525424,0.1354729
Hospital_C (COVID-19 X-Ray),1,0.26065215,0.051941156
Hospital_C (COVID-19 X-Ray),1,0.32675683,0.06981063
Hospital_C (COVID-19 X-Ray),1,0.40272573,0.09048617
Hospital_C (COVID-19 X-Ray),1,0.3362074,0.071567774
Hospital_C (COVID-19 X-Ray),1,0.32128215,0.06799132
Hospital_C (COVID-19 X-Ray),1,0.43514186,0.10017735
Hospital_C (COVID-19 X-Ray),1,0.72970426,0.24610585
Hospital_C (COVID-19 X-Ray),1,0.4034978,0.09433675
Hospital_C (COVID-19 X-Ray),1,0.27803504,0.056254327
Hospital_C (COVID-19 X-Ray),1,0.3432195,0.07356048
Hospital_C (COVID-19 X-Ray),1,0.34498602,0.0739547
Hospital_C (COVID-19 X-Ray),1,0.3148505,0.065944314
Hospital_C (COVID-19 X-Ray),1,0.26710188,0.053455055
Hospital_C (COVID-19 X-Ray),1,0.32909715,0.06968498
Hospital_C (COVID-19 X-Ray),1,0.33021837,0.069994986
Hospital_C (COVID-19 X-Ray),1,0.38442457,0.08510274
Hospital_C (COVID-19 X-Ray),1,0.31480938,0.06577927
Hospital_C (COVID-19 X-Ray),1,0.27952558,0.05657804
Hospital_C (COVID-19 X-Ray),1,0.33114138,0.07036793
Hospital_C (COVID-19 X-Ray),1,0.32089376,0.067398906
Hospital_C (COVID-19 X-Ray),1,0.30548453,0.0633049
Hospital_C (COVID-19 X-Ray),1,0.32924387,0.06969893
Hospital_C (COVID-19 X-Ray),1,0.5860724,0.16681224
Hospital_C (COVID-19 X-Ray),1,0.29631442,0.06094426
Hospital_C (COVID-19 X-Ray),1,0.7216438,0.23916018
Hospital_C (COVID-19 X-Ray),1,0.30731088,0.06379062
Hospital_C (COVID-19 X-Ray),1,0.3489181,0.07521856
Hospital_C (COVID-19 X-Ray),1,0.3351648,0.071356595
Hospital_C (COVID-19 X-Ray),1,0.2705235,0.05430007
Hospital_C (COVID-19 X-Ray),1,0.80812424,0.3181315
Hospital_C (COVID-19 X-Ray),0,0.84870964,0.3640663
Hospital_C (COVID-19 X-Ray),1,0.31390265,0.06554693
Hospital_C (COVID-19 X-Ray),1,0.23944628,0.04661739
Hospital_C (COVID-19 X-Ray),1,0.5863059,0.1610499
Hospital_C (COVID-19 X-Ray),0,0.56825364,0.16190898
Hospital_C (COVID-19 X-Ray),1,0.50181305,0.12227756
Hospital_C (COVID-19 X-Ray),1,0.34997487,0.07784492
Hospital_C (COVID-19 X-Ray),1,0.28449473,0.057832897
Hospital_C (COVID-19 X-Ray),1,0.31830582,0.06674141
Hospital_C (COVID-19 X-Ray),1,0.3009797,0.062166154
Hospital_C (COVID-19 X-Ray),1,0.36916828,0.08125293
Hospital_C (COVID-19 X-Ray),1,0.35661477,0.07727659
Hospital_C (COVID-19 X-Ray),1,0.21081191,0.039777637
Hospital_C (COVID-19 X-Ray),1,0.3264886,0.06894112
Hospital_C (COVID-19 X-Ray),0,0.515124,0.14314461
Hospital_C (COVID-19 X-Ray),1,0.32994115,0.069959104
Hospital_C (COVID-19 X-Ray),1,0.32941687,0.06990993
Hospital_C (COVID-19 X-Ray),1,0.28506657,0.05806023
Hospital_C (COVID-19 X-Ray),1,0.35892034,0.07783687
Hospital_C (COVID-19 X-Ray),1,0.33260858,0.070730746
Hospital_C (COVID-19 X-Ray),1,0.3482396,0.074919105
Hospital_C (COVID-19 X-Ray),1,0.4830745,0.11898428
Hospital_C (COVID-19 X-Ray),1,0.27765557,0.05613786
Hospital_C (COVID-19 X-Ray),1,0.2723956,0.054745972
Hospital_C (COVID-19 X-Ray),0,0.86149144,0.412412
Hospital_C (COVID-19 X-Ray),1,0.32413512,0.071247876
Hospital_C (COVID-19 X-Ray),1,0.2868483,0.058629632
Hospital_C (COVID-19 X-Ray),1,0.37202927,0.08164078
Hospital_C (COVID-19 X-Ray),1,0.32903448,0.06961006
Hospital_C (COVID-19 X-Ray),1,0.3699507,0.081451654
Hospital_C (COVID-19 X-Ray),1,0.30271003,0.06283516
Hospital_C (COVID-19 X-Ray),1,0.33539903,0.07407087
Hospital_C (COVID-19 X-Ray),1,0.36664063,0.08004242
Hospital_C (COVID-19 X-Ray),1,0.29119882,0.05957502
Hospital_C (COVID-19 X-Ray),1,0.28160876,0.05710298
Hospital_C (COVID-19 X-Ray),1,0.38740695,0.087089
Hospital_C (COVID-19 X-Ray),1,0.29084003,0.05980438
Hospital_C (COVID-19 X-Ray),1,0.37366217,0.08202511
Hospital_C (COVID-19 X-Ray),1,0.37434417,0.08233893
Hospital_C (COVID-19 X-Ray),1,0.31866595,0.06680131
Hospital_C (COVID-19 X-Ray),1,0.30847338,0.06461042
Hospital_C (COVID-19 X-Ray),1,0.28931934,0.059083164
