seed,strategy,client,client_name,acc,f1,mcc,auc,ece,brier,precision,recall
0,fedua,0,Hospital_A (Brain-Tumor MRI),0.9575,0.9566941602667691,0.9445724214586939,0.9866401041666667,0.05209830295854348,0.07665030322999039,0.959902565071902,0.9575
0,fedua,1,Hospital_B (Breast Ultrasound),0.8461538461538461,0.8331416494349794,0.7379932799758163,0.938790470093649,0.043372804644534454,0.22073134172420555,0.8276612276612276,0.8400293255131964
0,fedua,2,Hospital_C (COVID-19 X-Ray),0.9568503937007874,0.9611396704022204,0.9340674982075337,0.9930508292105632,0.056172971394912286,0.07323370001277925,0.9624864542054402,0.9599895148884467
0,local_only,0,Hospital_A (Brain-Tumor MRI),0.96125,0.9606701840815784,0.9494649589304913,0.9838114583333333,0.05005218189031962,0.07165701010529867,0.9636576891976452,0.96125
0,local_only,1,Hospital_B (Breast Ultrasound),0.8974358974358975,0.8876121254074011,0.8302593931001458,0.9548731977972778,0.0389511637297312,0.16133424945469838,0.8739808889278513,0.9047572499185402
0,local_only,2,Hospital_C (COVID-19 X-Ray),0.9596850393700788,0.9670285436092089,0.9383508732219248,0.9893984938395219,0.054953497357900186,0.07016352457311568,0.9676648946344106,0.9663962556972701
0,ditto,0,Hospital_A (Brain-Tumor MRI),0.961875,0.961154764031193,0.9503330252630463,0.9831890624999999,0.05907877336831105,0.06837083013579788,0.9641619040749817,0.961875
0,ditto,1,Hospital_B (Breast Ultrasound),0.8888888888888888,0.8793428793428794,0.8090461454785797,0.9591890208434277,0.06885110286742532,0.17604855719393558,0.8825259170653909,0.8766862170087976
0,ditto,2,Hospital_C (COVID-19 X-Ray),0.9615748031496063,0.9662564557659089,0.9412834201378901,0.9929961394438115,0.058961176131349546,0.06909459759414825,0.9669434663415759,0.9657108944494052
0,fedbabu,0,Hospital_A (Brain-Tumor MRI),0.9575,0.9567436527433519,0.9442637932377659,0.9803578125000001,0.04912088423403376,0.08070316366223391,0.9589261184183988,0.9575
0,fedbabu,1,Hospital_B (Breast Ultrasound),0.8290598290598291,0.8112599206349206,0.7134927803826724,0.9406221471938174,0.09250341455152643,0.25896290055185217,0.8007494297816878,0.8240143369175628
0,fedbabu,2,Hospital_C (COVID-19 X-Ray),0.961259842519685,0.9661611130753255,0.9408404861399045,0.9923712115836982,0.0639931059536065,0.07061817430642361,0.9669843991712752,0.965641820220014
0,fedprox,0,Hospital_A (Brain-Tumor MRI),0.95875,0.9579236240457365,0.9462363360702556,0.9857119791666666,0.05205384552052325,0.0734163786470765,0.9611010669881863,0.95875
0,fedprox,1,Hospital_B (Breast Ultrasound),0.8034188034188035,0.778680835021086,0.6550663677516836,0.9350917718219822,0.08045810295820054,0.2538105721349999,0.7993827160493826,0.7628217660475723
0,fedprox,2,Hospital_C (COVID-19 X-Ray),0.9618897637795275,0.9665497194310643,0.9417388602630767,0.9930086586228343,0.06377514759301771,0.06722043121377691,0.9675528476144672,0.9655926542218753
0,fedbn,0,Hospital_A (Brain-Tumor MRI),0.95875,0.9579821526493809,0.9461973028631477,0.989771875,0.05210034859911507,0.07114150825677902,0.9610855431949745,0.9587500000000001
0,fedbn,1,Hospital_B (Breast Ultrasound),0.8205128205128205,0.8036316968279728,0.6901328264501817,0.943871311945327,0.09964157774851255,0.24951047497737086,0.80718954248366,0.8018572825024437
0,fedbn,2,Hospital_C (COVID-19 X-Ray),0.9609448818897638,0.9665555563158369,0.9403294299561188,0.9924963005712698,0.06295132734141126,0.06453489334577735,0.9668446372900911,0.9662899120508343
0,fedavg,0,Hospital_A (Brain-Tumor MRI),0.96,0.9592147289999406,0.9478645963825161,0.9880385416666667,0.05471880148687779,0.07086693829353957,0.962266376837096,0.9600000000000001
0,fedavg,1,Hospital_B (Breast Ultrasound),0.8290598290598291,0.8090569561157798,0.7046971364543383,0.9433551401216224,0.09758282752387559,0.246737035513086,0.8185281385281385,0.8071195829260346
0,fedavg,2,Hospital_C (COVID-19 X-Ray),0.9622047244094488,0.9673093902959026,0.9422055925055258,0.9941665372497952,0.061504752404087794,0.06445445138500742,0.9677881193615216,0.9668574945742723
0,centralized,0,Hospital_A (Brain-Tumor MRI),0.96375,0.9631322191656045,0.952795803253159,0.9848572916666667,0.061950562874722434,0.06638335469957597,0.9661080308338253,0.96375
0,centralized,1,Hospital_B (Breast Ultrasound),0.8290598290598291,0.8202317456048799,0.7033250129959326,0.93981456456236,0.0786258975865081,0.24967886516384016,0.8376225490196078,0.8069077875529489
0,centralized,2,Hospital_C (COVID-19 X-Ray),0.9666141732283464,0.971089856508051,0.9489240319429835,0.9949953279929598,0.08355631176036576,0.06267306272610317,0.9734704323464384,0.9688248284664431
0,centralized,pooled,Pooled (11 cls),0.9623875715453802,0.9270530490462966,0.9546376599753846,0.9913485131111613,0.07322951525026342,0.06835911056804342,0.9337437727072616,0.9228202433204199
1,fedua,0,Hospital_A (Brain-Tumor MRI),0.963125,0.9626071795418669,0.9515651304200509,0.9873489583333335,0.05689909213532976,0.06711917439551338,0.9644265124142658,0.963125
1,fedua,1,Hospital_B (Breast Ultrasound),0.8974358974358975,0.8743711300309597,0.8275150116628478,0.9614799941510186,0.04014811797335572,0.1714738762753442,0.876984126984127,0.8754807692307692
1,fedua,2,Hospital_C (COVID-19 X-Ray),0.951496062992126,0.95375436590459,0.9259672715846515,0.991429789663076,0.06608217308785588,0.08334623492605514,0.9589123298895504,0.9495037584693236
1,local_only,0,Hospital_A (Brain-Tumor MRI),0.963125,0.9625260824494472,0.9518153996034656,0.9928005208333333,0.053028585475876376,0.06723905249361078,0.9650697377130585,0.963125
1,local_only,1,Hospital_B (Breast Ultrasound),0.8974358974358975,0.8795863203666707,0.8284640487254136,0.9630844944578211,0.045469807032173626,0.17853718269405694,0.8737327188940093,0.8870192307692308
1,local_only,2,Hospital_C (COVID-19 X-Ray),0.9511811023622048,0.9565901759630342,0.9252710686443084,0.9895082826171012,0.05279692095632211,0.08379996077599192,0.960135950213713,0.9532637703132693
1,ditto,0,Hospital_A (Brain-Tumor MRI),0.961875,0.9613569032055846,0.9499720103571684,0.9859520833333335,0.06313411264208722,0.06566462690110991,0.9634219129352563,0.961875
1,ditto,1,Hospital_B (Breast Ultrasound),0.8974358974358975,0.883481163272244,0.8244593948512445,0.980940573630782,0.0643439845019793,0.15693921761310486,0.8922558922558922,0.8764423076923077
1,ditto,2,Hospital_C (COVID-19 X-Ray),0.9467716535433071,0.9483169814460648,0.9186205092095051,0.9897211516275186,0.060599469081577935,0.08557322880065417,0.9498228165131937,0.9470399617581059
1,fedbabu,0,Hospital_A (Brain-Tumor MRI),0.963125,0.9625556830367618,0.9517115933802879,0.9875161458333334,0.061959302458290656,0.06672995771458337,0.9648081903875052,0.963125
1,fedbabu,1,Hospital_B (Breast Ultrasound),0.8547008547008547,0.8411616161616161,0.755020872961374,0.9584414467916124,0.050362897930858394,0.21645062339117585,0.8374727668845315,0.8455128205128206
1,fedbabu,2,Hospital_C (COVID-19 X-Ray),0.9499212598425197,0.9503228200140623,0.9235970293072829,0.992142740742774,0.06544674467139756,0.0846006544193956,0.9505695381481805,0.9504807366436795
1,fedprox,0,Hospital_A (Brain-Tumor MRI),0.963125,0.9625086447799861,0.9517741710564364,0.9858807291666667,0.06403775375886471,0.06737883908055912,0.9648943568803424,0.963125
1,fedprox,1,Hospital_B (Breast Ultrasound),0.8547008547008547,0.8373015873015873,0.7557646990995849,0.9591598757480178,0.06595229783563654,0.18601405346452604,0.8303872053872053,0.8455128205128206
1,fedprox,2,Hospital_C (COVID-19 X-Ray),0.9530708661417323,0.9561035728572165,0.9283017327437946,0.9919468759739126,0.06299207730717733,0.08208330738907209,0.9566354294825201,0.955843983531625
1,fedbn,0,Hospital_A (Brain-Tumor MRI),0.96375,0.9631952781395864,0.9525546431885724,0.988634375,0.06699001341621132,0.0645843009880834,0.9654830112207162,0.96375
1,fedbn,1,Hospital_B (Breast Ultrasound),0.8547008547008547,0.826819175656385,0.753538737819027,0.9574008678381376,0.06759606739128339,0.19169642181460314,0.8268027605779155,0.8277243589743589
1,fedbn,2,Hospital_C (COVID-19 X-Ray),0.9521259842519685,0.9528930810258698,0.9268238684366427,0.9919325569117551,0.06459664546568752,0.07922651649880741,0.9547592560788953,0.9513515213877637
1,fedavg,0,Hospital_A (Brain-Tumor MRI),0.963125,0.962516669716672,0.9517930461118229,0.9897348958333334,0.06570642865309936,0.06447525629580292,0.9649639420014512,0.963125
1,fedavg,1,Hospital_B (Breast Ultrasound),0.8461538461538461,0.8220298220298221,0.7442501142842742,0.9538101509132905,0.09430718669032002,0.21569506966971627,0.8121329008503549,0.8341346153846154
1,fedavg,2,Hospital_C (COVID-19 X-Ray),0.9492913385826771,0.9503414518723521,0.9224823561669169,0.9908836887799075,0.06139291533649209,0.0830456583629419,0.952636344517561,0.9484216643852003
1,centralized,0,Hospital_A (Brain-Tumor MRI),0.96625,0.9657637675576469,0.9559260039474473,0.9856994791666667,0.0664142864943052,0.0646334721572255,0.968210997518907,0.96625
1,centralized,1,Hospital_B (Breast Ultrasound),0.9145299145299145,0.9107998755057579,0.8585959175776434,0.9639252107846127,0.05593974474752103,0.13342674759084247,0.9039769277474196,0.920352564102564
1,centralized,2,Hospital_C (COVID-19 X-Ray),0.9537007874015748,0.9573645835744748,0.9294191834470956,0.9935198078752152,0.07868321902846173,0.08016146873675348,0.9642099929443532,0.9516055375765926
1,centralized,pooled,Pooled (11 cls),0.9568683565004088,0.9477193664587055,0.9480615441297479,0.9845511885485098,0.07067220550990112,0.0763567351101557,0.9492377040995728,0.9484072584194604
2,fedua,0,Hospital_A (Brain-Tumor MRI),0.96125,0.960772613120442,0.9491959115520175,0.9892859374999999,0.06610721479358253,0.06849993807626989,0.9630281410567626,0.96125
2,fedua,1,Hospital_B (Breast Ultrasound),0.9145299145299145,0.916025641025641,0.854967861221481,0.9533335662691607,0.024218058194147973,0.15856251458229056,0.9119949494949496,0.920772238514174
2,fedua,2,Hospital_C (COVID-19 X-Ray),0.9486614173228346,0.955900319758738,0.9214771258076223,0.9903080599031011,0.04855874828223518,0.08432408110882045,0.9552722361882405,0.9565835024418146
2,local_only,0,Hospital_A (Brain-Tumor MRI),0.961875,0.961222522898662,0.950114780247973,0.9853578125,0.058218104759664296,0.06728721814798254,0.9636146197943378,0.961875
2,local_only,1,Hospital_B (Breast Ultrasound),0.9145299145299145,0.905982905982906,0.8550777763496009,0.9639922380978705,0.014275258574015806,0.15194678397205177,0.9048632610939112,0.9089442815249268
2,local_only,2,Hospital_C (COVID-19 X-Ray),0.954015748031496,0.9604696312979365,0.9296577723573227,0.9879893157186963,0.048626797976652744,0.08130271664176426,0.9616619475241197,0.9593455454787146
2,ditto,0,Hospital_A (Brain-Tumor MRI),0.960625,0.9600894721365048,0.9484598132332054,0.9908390625000001,0.06783696009908693,0.06772950623342734,0.9626131662446207,0.9606250000000001
2,ditto,1,Hospital_B (Breast Ultrasound),0.9316239316239316,0.9213675213675213,0.8842409012097971,0.9794507533873319,0.03521147618684211,0.12016346240861014,0.919875515995872,0.9247474747474748
2,ditto,2,Hospital_C (COVID-19 X-Ray),0.9426771653543307,0.9486255968768339,0.9130205084280695,0.9929615381945586,0.05901487101384292,0.08971327448187714,0.9411721794893289,0.9571010969306476
2,fedbabu,0,Hospital_A (Brain-Tumor MRI),0.9625,0.9619647563148874,0.9507653770830566,0.9893244791666667,0.06401919959037079,0.06750501676135434,0.9638592679049898,0.9625
2,fedbabu,1,Hospital_B (Breast Ultrasound),0.8547008547008547,0.8327894327894327,0.755200221402452,0.9648313692348882,0.06855855753693722,0.19088645962622622,0.8255507662835249,0.8450798305637015
2,fedbabu,2,Hospital_C (COVID-19 X-Ray),0.9461417322834645,0.9523286328466715,0.917697359866549,0.9912088582597887,0.06013614854945134,0.08952177418190431,0.9554546019596802,0.949683997759494
2,fedprox,0,Hospital_A (Brain-Tumor MRI),0.961875,0.9614978283671336,0.9498659660661499,0.9865729166666666,0.05813502116911135,0.06766580785811628,0.9632882782828296,0.9618750000000001
2,fedprox,1,Hospital_B (Breast Ultrasound),0.8717948717948718,0.8561647416553214,0.7779345778623422,0.9568996996693292,0.10536991868362379,0.20354850889545867,0.8637082903336774,0.849266862170088
2,fedprox,2,Hospital_C (COVID-19 X-Ray),0.9486614173228346,0.954715471245185,0.9217595662910381,0.9926788895387356,0.05890559116042156,0.08154254069238594,0.952147191648846,0.957832153542187
2,fedbn,0,Hospital_A (Brain-Tumor MRI),0.960625,0.9599770249559142,0.948336584541114,0.9850395833333334,0.05988265739557053,0.06907998175261768,0.9619757299428718,0.960625
2,fedbn,1,Hospital_B (Breast Ultrasound),0.8888888888888888,0.8710760641441001,0.8089411092051694,0.9682192918689885,0.05164263596070094,0.17294657681385772,0.8721744316185901,0.8709840338872596
2,fedbn,2,Hospital_C (COVID-19 X-Ray),0.9502362204724409,0.9558767562374103,0.9241827941983626,0.9931995878437301,0.05943619764180412,0.08095068868578308,0.9529988417537412,0.9592883993015053
2,fedavg,0,Hospital_A (Brain-Tumor MRI),0.963125,0.9625926809145664,0.9516788195232192,0.9887885416666666,0.06756624451691594,0.0627093224137063,0.9647377152417476,0.963125
2,fedavg,1,Hospital_B (Breast Ultrasound),0.8888888888888888,0.8798662353240522,0.8095721712901958,0.9709278000353497,0.0630908516778044,0.16588313736144053,0.8776334776334777,0.8826001955034214
2,fedavg,2,Hospital_C (COVID-19 X-Ray),0.9502362204724409,0.9566097084535653,0.9241522072231787,0.9934860382297911,0.061157699117441844,0.08189734388926882,0.9533327150836882,0.9602920810580128
2,centralized,0,Hospital_A (Brain-Tumor MRI),0.96125,0.9605993707738316,0.9494654546247664,0.9860890625000001,0.061367407715377666,0.07142192264703198,0.9635891416522604,0.96125
2,centralized,1,Hospital_B (Breast Ultrasound),0.8974358974358975,0.8915433256896671,0.8260015085153809,0.9647095981902319,0.07980719783703288,0.19151388618428364,0.8846726190476191,0.8990550667970023
2,centralized,2,Hospital_C (COVID-19 X-Ray),0.9574803149606299,0.9619837975945027,0.9349228902338457,0.9948440323026746,0.07665271790720683,0.0740556113467968,0.967231901577755,0.9570989413068405
2,centralized,pooled,Pooled (11 cls),0.9572771872444807,0.9422693318674853,0.9484639763135558,0.9928177586146998,0.06883798619109001,0.07600342742127805,0.9433910936420836,0.9427782696016699
